date,timestamp,note
2026-07-15,2026-07-15 17:47:57 CST,automated daily research check-in
2026-07-16,2026-07-16 12:24:05 CST,automated daily research check-in
2026-07-17,2026-07-17 12:22:54 CST,automated daily research check-in
2026-07-18,2026-07-18 01:15:27 CST,automated daily research check-in
2026-07-19,2026-07-19 03:56:07 CST,automated daily research check-in
2026-07-20,2026-07-20 04:10:19 CST,automated daily research check-in
2026-07-21,2026-07-21 04:50:37 CST,automated daily research check-in
2026-07-22,2026-07-22 04:45:39 CST,automated daily research check-in
2026-07-23,2026-07-23 04:19:48 CST,automated daily research check-in
2026-07-24,2026-07-24 04:18:45 CST,automated daily research check-in
2026-07-25,2026-07-25 04:47:55 CST,automated daily research check-in
2026-07-26,2026-07-26 04:14:15 CST,automated daily research check-in
2026-07-27,2026-07-27 04:17:06 CST,automated daily research check-in
2026-07-28,2026-07-28 04:51:29 CST,automated daily research check-in
2026-07-29,2026-07-29 04:40:19 CST,automated daily research check-in
2026-07-30,2026-07-30 04:16:08 CST,automated daily research check-in
2026-07-31,2026-07-31 04:39:24 CST,automated daily research check-in
2026-08-01,2026-08-01 04:43:34 CST,automated daily research check-in
2026-08-02,2026-08-02 04:14:05 CST,automated daily research check-in
2026-08-03,2026-08-03 04:15:38 CST,automated daily research check-in
2026-08-04,2026-08-04 04:43:20 CST,automated daily research check-in
2026-08-05,2026-08-05 04:54:50 CST,automated daily research check-in
2026-08-06,2026-08-06 04:43:48 CST,automated daily research check-in
2026-08-07,2026-08-07 09:43:46 CST,automated daily research check-in
2026-08-08,2026-08-08 02:32:59 CST,automated daily research check-in
2026-08-09,2026-08-09 01:18:09 CST,automated contribution check-in
2026-08-10,2026-08-10 01:50:19 CST,automated contribution check-in
2026-08-11,2026-08-11 02:37:15 CST,automated contribution check-in
2026-08-12,2026-08-12 03:48:42 CST,automated contribution check-in
2026-08-13,2026-08-13 03:51:29 CST,automated contribution check-in
2026-08-14,2026-08-14 03:44:23 CST,automated contribution check-in
2026-08-15,2026-08-15 02:35:52 CST,automated contribution check-in
2026-08-16,2026-08-16 00:55:46 CST,automated contribution check-in
2026-08-17,2026-08-17 00:35:08 CST,automated contribution check-in
2026-08-18,2026-08-18 00:37:29 CST,automated contribution check-in
2026-08-19,2026-08-19 00:40:47 CST,automated contribution check-in
2026-08-20,2026-08-20 00:40:03 CST,automated contribution check-in
2026-08-21,2026-08-21 00:43:49 CST,automated contribution check-in
2026-08-22,2026-08-22 00:43:51 CST,automated contribution check-in
2026-08-23,2026-08-23 00:34:02 CST,automated contribution check-in
2026-08-24,2026-08-24 00:35:09 CST,automated contribution check-in
2026-08-25,2026-08-25 00:48:56 CST,automated contribution check-in
2026-08-26,2026-08-26 00:48:03 CST,automated contribution check-in
2026-08-27,2026-08-27 00:53:55 CST,automated contribution check-in
2026-08-28,2026-08-28 08:49:59 CST,automated contribution check-in
2026-08-29,2026-08-29 00:32:33 CST,automated contribution check-in
2026-08-30,2026-08-30 03:21:48 CST,automated contribution check-in
2026-08-31,2026-08-31 03:16:14 CST,automated contribution check-in
2026-09-01,2026-09-01 05:25:32 CST,automated contribution check-in
